07C5C023-4642-4BCB-850C-AF1910308940.JPG	6
091EF1C3-ADBE-423A-B310-BD359A5BF0B6.JPG	19
0DF03DD9-5707-4A7E-8E0C-FF52973E3B7D.JPG	16
0DF8AF27-FC8C-4009-B744-AEE84A4C6BE5.JPG	20
123DC4B0-9DC8-42C1-B326-EB1293DFD8C1.JPG	21
1CC0D3B5-2A82-44E5-88CA-DA2075BF561F.JPG	9
21CB931B-72A1-42C0-80E2-40620AF27663.JPG	17
23D29ADB-21EA-4A38-80BB-DB10DE3FED01.JPG	18
24056284-1C51-48E2-B6E6-F23022AF497E.JPG	60
28EB4FC2-6BD5-4317-869A-F45C5163DD9D.JPG	15
2DA975D2-C120-4549-A0AD-B3E60DFE0D41.JPG	14
34C44139-4744-4E19-A664-80574F17157C.JPG	1
3869FA9E-3C3F-49D6-8C24-6421ECFA8F31.JPG	13
39A469AE-98F5-47CD-947D-7704CE2B7F6B.JPG	25
3EDF94E4-AB55-40D8-93C0-851904D3C3C1.JPG	24
41C86ADC-3F63-4D9C-B777-2935A0D338EB.JPG	27
43CAC868-D036-46B7-BF01-78377BCD7EC0.JPG	28
4B8C9ACA-F036-4B02-A0B9-E409964E81D3.JPG	23
4BAF4B15-0919-4AC5-90A3-9F31C1D32C8B.JPG	61
5235A4F1-5432-4185-9739-BDF95C13D680.JPG	11
5A8910C7-D5D2-4F8F-BC7A-105197B3ABAE.JPG	22
5B7FAFFB-CDDC-4275-AA7D-F9D22A92AF73.JPG	26
61A89452-BD36-47A8-ACDE-2D5BCFEF2696.JPG	29
63868948-4143-467E-8137-E22B4451A54D.JPG	3
65FCD18F-10CC-4CB6-8FE2-9F7C5B9FF337.JPG	8
66F7313C-DAC1-4215-9FE0-87F5DAC862B8.JPG	44
6C833357-3B61-477E-B9BD-42DEB6BE31ED.JPG	63
6D7686BF-ACAC-4AE8-8B1F-4705A441A625.JPG	46
75F82AF0-61DF-48EE-A1BB-381FEDD76FC2.JPG	33
7D89086A-6847-4143-A980-8FDC965EA177.JPG	58
829F8684-A0D7-451D-9D9C-89DE243F6832.JPG	34
82B663B2-A610-4FF4-9212-126C16BC6CEE.JPG	43
89E35E39-3494-4614-B500-8308DF8396C2.JPG	30
8DECFA08-10EC-4158-8AB9-C291F4695493.JPG	45
8EFCC078-E019-47B9-BA90-57C89DBAE560.JPG	52
902ED24F-9EE7-45BB-AC25-EB7081087A78.JPG	32
97A6A023-9DEA-4188-86B1-046BA81F1934.JPG	35
A467899D-1D90-4D3F-B661-902F2917CE15.JPG	59
B01B1F06-4E8A-4F17-B3BC-9F21A361F668.JPG	62
B2E46749-3E22-43A4-B8F5-29432B3B6196.JPG	48
B59F7C46-DFC5-45F3-BEF6-9D5A87BA9B50.JPG	31
BFF05BEA-C3F1-4D5F-8E49-03DB56B96DB3.JPG	10
C0DD761A-3CB8-45C4-9DCC-7030B4B1544A.JPG	38
C4841339-00FC-442D-9EBC-4E52A323F00D.JPG	64
C5BAC262-B9EE-42B1-95C1-519B27370ACE.JPG	41
C96BE0AA-53A8-430C-8026-2D55E918846F.JPG	55
CB0B0D33-8E39-4DF3-B886-555DC6F24070.JPG	47
CF40B58C-339B-4CBC-A95E-7C75051C6A14.JPG	50
D09DA848-9376-4A52-A676-202E1639E896.JPG	42
D292D248-2472-46C9-B51B-D6F0CC2498FC.JPG	49
D3513DC2-15E8-4C68-A68D-E35925E2AC52.JPG	7
D8B700EB-9118-4A0C-9CE9-2D3E2BF0823F.JPG	51
D9B8DA06-9745-43B0-9F70-04BE30F9C64D.JPG	36
DE2FC49E-EF95-4B0A-B627-22F499917920.JPG	40
DF4AE22A-043C-438D-AE60-18ECE103B340.JPG	54
E2F199B6-C23C-4A69-9CCF-14F7D7F28C4B.JPG	39
E34A8651-7635-41F9-93E0-41412D4542F1.JPG	5
E3A6B45A-A7B4-4DD8-B110-E9EA9CEE23B0.JPG	2
E40857E0-F5D6-4B46-9E29-3DF565755DED.JPG	53
E9EFBEDF-349B-4733-8183-609440A71386.JPG	37
EE6A1601-A04A-42BA-8F70-CBF0159846EE.JPG	56
F3453179-CEF5-4B80-96BC-86829F5C0C5B.JPG	12
FF35E13B-EBBA-4BCC-AAC3-733042F179DC.JPG	57
FF5C604B-6FBE-40A3-A377-06A43F3D0F51.JPG	4
