IMG_8102	6
IMG_8103	4
IMG_8104	11
IMG_8105	9
IMG_8106	2
IMG_8107	15
IMG_8108	12
IMG_8109	17
IMG_8110	18
IMG_8111	26
IMG_8112	25
IMG_8113	28
IMG_8114	22
IMG_8115	27
IMG_8116	21
IMG_8117	30
IMG_8118	29
IMG_8119	33
IMG_8120	34
IMG_8121	8
IMG_8122	46
IMG_8123	45
IMG_8124	32
IMG_8125	31
IMG_8126	44
IMG_8127	51
IMG_8128	20
IMG_8129	16
IMG_8130	42
IMG_8131	43
IMG_8132	10
IMG_8133	7
IMG_8134	3
IMG_8135	1
IMG_8136	24
IMG_8137	23
IMG_8138	5
IMG_8139	47
IMG_8140	36
IMG_8141	37
IMG_8142	41
IMG_8143	40
IMG_8144	14
IMG_8145	13
IMG_8146	38
IMG_8147	35
IMG_8148	48
IMG_8149	39
IMG_8150	19
IMG_8151	49
IMG_8152	52
IMG_8153	50
